﻿{"cameraMode":{"drawMode":0,"name":"Shaded","section":"Shading Mode"},"sceneLighting":true,"audioPlay":false,"sceneViewState":{"showFog":true,"showMaterialUpdate":false,"showSkybox":true,"showFlares":true,"showImageEffects":true,"showParticleSystems":true},"in2DMode":false,"pivot":{"x":-0.7093671560287476,"y":0.3071439862251282,"z":-12.084765434265137},"rotation":{"x":-0.04288792982697487,"y":-0.020384326577186586,"z":0.0008741735946387053,"w":-0.9988782405853272},"size":6.744445323944092,"orthographic":false}